axis,MAE_m,RMSE_m
x,0.5721540946769267,0.6496539249088523
y,0.10694541121265537,0.15047301414314457
z,0.0,0.0
